{"classes":["MONEY","TITLE","OTP","TRANSAC","TIME","PURPOSE"],"annotations":[["Rs.95.15 on Zomato charged via Simpl. Food, groceries, commute, or medicines. Buy Now, Pay Later via Simpl. Know More: https://click.getsimpl.com/vyhm/5b611f85 Simpl Pay",{"entities":[[0,8,"MONEY"],[12,18,"TITLE"],[19,37,"TRANSAC"]]}],["Hi! Update your email id through WhatsApp: https://wa.me/message/SIAJ2QKMIOVEI1 or head to Vi App https://bit.ly/371QhWe. This will help as ID verification in case of any SIM related needs. ",{"entities":[[4,24,"PURPOSE"],[91,97,"TITLE"]]}],["Lucknow ya Kolkata ? watch it LIVE with Vi cricket pack RC 499 2GB/day+Unlimited Calls+1year Disney+ Hotstar mobile pack. https://bit.ly/VHST1 ",{"entities":[[40,42,"TITLE"],[56,62,"MONEY"],[109,121,"PURPOSE"]]}],["Mohd, Check the incredible Acko insurance policy you just bought on Zomato, and add a nominee to it here https://acko.in/t/zwWJOO Save this link for quick access to your policy.",{"entities":[[27,48,"PURPOSE"],[68,74,"TITLE"],[80,93,"PURPOSE"]]}],["Hi! You can now get your Vi prepaid invoice emailed to you, simply click https://wa.me/message/5GA7LYJN5IETD1 or visit Vi App at https://bit.ly/3IIQ9J8 ",{"entities":[[25,27,"TITLE"],[36,58,"PURPOSE"]]}],["Last few hours to apply for BYJU'S Aptitude Test Win up to 100% Scholarship Get an all India percentile & more Apply Now http://bit.ly/BNAT Scholarship 5",{"entities":[[28,34,"TITLE"],[35,48,"PURPOSE"],[49,75,"PURPOSE"]]}],["Extra Data, ONLY on Rs299! Recharge NOW with Rs299 & get EXTRA 500MB Data Daily. 299:2GB/Day + Unlimited Calls for 28 Days. Click bit.ly/Vi121NAT",{"entities":[[20,25,"MONEY"],[27,35,"TITLE"]]}],["<#> 704982 is your Zomato verification code. Enjoy : ) tzq5yFMlr4q",{"entities":[[4,10,"OTP"],[19,25,"TITLE"],[26,44,"PURPOSE"]]}],["Received Rs.600.00 in your a/c 91XX3635 from One97 Communications Limited on 6 5 2022.Ref no: 5C05RA03uMM5. Queries? Call 01204456456 :PPBL",{"entities":[[0,8,"TRANSAC"],[9,18,"MONEY"],[45,73,"TITLE"]]}],["Count#1: Rs 600 paid by 98XXXX4000 at 12:20 AM. It will settle to your bank by 7 am tomorrow or you can transfer now.Visit b.paytm.me :Paytm",{"entities":[[9,15,"MONEY"],[16,23,"TRANSAC"],[38,47,"TIME"],[135,140,"TITLE"]]}],["<#> 388779 is your Zomato verification code. Enjoy : ) tzq5yFMlr4q",{"entities":[[4,10,"OTP"],[19,25,"TITLE"],[26,44,"PURPOSE"]]}],["Rs.209.0 for Vodafone Idea, Mobile Number 9517990472, on 6 May 2022 11:59 PM charged to your Simpl account. Payment may take up to 3 days to reflect in your biller account. You can use the Operator ID UER2205062359280010 to check the status of your transaction with the biller. Simpl Pay",{"entities":[[0,8,"MONEY"],[13,26,"TITLE"],[57,76,"TIME"],[77,84,"TRANSAC"]]}],["Rs209 recharged! Enjoy Unlimited Calls to All Networks + 4 GB Data + 100 SMS/Day. Valid for 28 Days. Click bit.ly/GetViApp to check balance,expiry,offers & more",{"entities":[[0,5,"MONEY"],[6,15,"TRANSAC"],[107,122,"TITLE"]]}],["Simpl OTP: 2083 Unless opted out, you agree to receive Simpl bill reminder via WhatsApp. a7W4SY8WGiK Simpl Pay",{"entities":[[0,5,"TITLE"],[11,15,"OTP"]]}],["Dear Mohd salman, Thanks for registering with Zomato. Earn upto Rs. 18000 per month. Join now to get Extra Bonus of 1000. Please download the app and register https://www.zomato.com/deliver food/?d=t Watch this video to know more: https://youtu.be/5SpXmdITXDo",{"entities":[[29,40,"PURPOSE"],[46,53,"TITLE"]]}],["Dear Mohd salman, Thanks for registering with Zomato. Earn upto Rs. 18000 per month. Join now to get Extra Bonus of 1000. Please download the app and register https://www.zomato.com/deliver food/?d=t Watch this video to know more: https://youtu.be/5SpXmdITXDo",{"entities":[[29,40,"PURPOSE"],[46,53,"TITLE"]]}],["Rs.188.0 on Zomato charged via Simpl. Food, groceries, commute, or medicines. Buy Now, Pay Later via Simpl. Know More: https://click.getsimpl.com/vyhm/5b611f85 Simpl Pay",{"entities":[[0,8,"MONEY"],[12,18,"TITLE"],[19,37,"TRANSAC"]]}],["Your verification OTP on Zomato is 869692. ZOMATO",{"entities":[[5,17,"PURPOSE"],[25,31,"TITLE"],[35,42,"OTP"]]}],["Use 802667 for two factor authentication on Facebook.",{"entities":[[4,10,"OTP"],[15,40,"PURPOSE"],[44,52,"TITLE"]]}],["Your Messenger verification code is G 694665",{"entities":[[5,14,"TITLE"],[15,32,"PURPOSE"],[36,44,"OTP"]]}],["282629 is the OTP to login to your Zomato account. DO NOT disclose it to anyone. AlOe4TVDpqm",{"entities":[[0,6,"OTP"],[14,26,"PURPOSE"],[35,41,"TITLE"]]}],["Your Uber code is 1599. Never share this code. qlRnn4A1sbt",{"entities":[[5,9,"TITLE"],[18,23,"OTP"]]}],["b'Rs.95.15 on Zomato charged via Simpl. Food, groceries, commute, or medicines. Buy Now, Pay Later via Simpl. Know More: https://click.getsimpl.com/vyhm/5b611f85 Simpl Pay'",{"entities":[[0,10,"MONEY"],[14,20,"TITLE"],[21,39,"TRANSAC"]]}],["b'Hi! Update your email id through WhatsApp: https://wa.me/message/SIAJ2QKMIOVEI1 or head to Vi App https://bit.ly/371QhWe. This will help as ID verification in case of any SIM related needs. '",{"entities":[[6,26,"PURPOSE"],[93,95,"TITLE"]]}],["b'Lucknow ya Kolkata ? watch it LIVE with Vi cricket pack RC 499 2GB/day+Unlimited Calls+1year Disney+ Hotstar mobile pack. https://bit.ly/VHST1 '",{"entities":[[42,44,"TITLE"],[58,64,"MONEY"],[111,123,"PURPOSE"]]}],["b'Mohd, Check the incredible Acko insurance policy you just bought on Zomato, and add a nominee to it here https://acko.in/t/zwWJOO Save this link for quick access to your policy.'",{"entities":[[29,50,"PURPOSE"],[70,76,"TITLE"],[82,95,"PURPOSE"]]}],["b'Hi! You can now get your Vi prepaid invoice emailed to you, simply click https://wa.me/message/5GA7LYJN5IETD1 or visit Vi App at https://bit.ly/3IIQ9J8 '",{"entities":[[27,29,"TITLE"],[30,53,"PURPOSE"]]}],["b\"Last few hours to apply for BYJU'S Aptitude Test Win up to 100% Scholarship Get an all India percentile & more Apply Now http://bit.ly/BNAT Scholarship 5\"",{"entities":[[30,36,"TITLE"],[37,50,"PURPOSE"],[61,77,"PURPOSE"]]}],["b'Extra Data, ONLY on Rs299! Recharge NOW with Rs299 & get EXTRA 500MB Data Daily. 299:2GB/Day + Unlimited Calls for 28 Days. Click bit.ly/Vi121NAT'",{"entities":[[22,27,"MONEY"],[47,52,"MONEY"],[71,75,"PURPOSE"],[132,147,"TITLE"]]}],["b'<#> 704982 is your Zomato verification code. Enjoy : ) tzq5yFMlr4q'",{"entities":[[6,12,"OTP"],[21,27,"TITLE"],[28,46,"PURPOSE"]]}],["b'Received Rs.600.00 in your a/c 91XX3635 from One97 Communications Limited on 6 5 2022.Ref no: 5C05RA03uMM5. Queries? Call 01204456456 :PPBL'",{"entities":[[0,10,"TRANSAC"],[11,20,"MONEY"],[47,75,"TITLE"]]}],["b'Count#1: Rs 600 paid by 98XXXX4000 at 12:20 AM. It will settle to your bank by 7 am tomorrow or you can transfer now.Visit b.paytm.me :Paytm'",{"entities":[[11,17,"MONEY"],[18,22,"TRANSAC"],[137,142,"TITLE"]]}],["b'<#> 388779 is your Zomato verification code. Enjoy : ) tzq5yFMlr4q'",{"entities":[[6,12,"OTP"],[21,27,"TITLE"],[28,46,"PURPOSE"]]}],["b'Rs.209.0 for Vodafone Idea, Mobile Number 9517990472, on 6 May 2022 11:59 PM charged to your Simpl account. Payment may take up to 3 days to reflect in your biller account. You can use the Operator ID UER2205062359280010 to check the status of your transaction with the biller. Simpl Pay'",{"entities":[[0,10,"MONEY"],[15,28,"TITLE"],[59,78,"TIME"],[79,86,"TRANSAC"]]}],["b'Rs209 recharged! Enjoy Unlimited Calls to All Networks + 4 GB Data + 100 SMS/Day. Valid for 28 Days. Click bit.ly/GetViApp to check balance,expiry,offers & more'",{"entities":[[0,7,"MONEY"],[8,17,"TRANSAC"],[109,124,"TITLE"]]}],["b'Simpl OTP: 2083 Unless opted out, you agree to receive Simpl bill reminder via WhatsApp. a7W4SY8WGiK Simpl Pay'",{"entities":[[13,17,"OTP"],[57,62,"TITLE"]]}],["b'Dear Mohd salman, Thanks for registering with Zomato. Earn upto Rs. 18000 per month. Join now to get Extra Bonus of 1000. Please download the app and register https://www.zomato.com/deliver food/?d=t Watch this video to know more: https://youtu.be/5SpXmdITXDo'",{"entities":[[31,42,"PURPOSE"],[48,55,"TITLE"],[66,75,"MONEY"]]}],["b'Dear Mohd salman, Thanks for registering with Zomato. Earn upto Rs. 18000 per month. Join now to get Extra Bonus of 1000. Please download the app and register https://www.zomato.com/deliver food/?d=t Watch this video to know more: https://youtu.be/5SpXmdITXDo'",{"entities":[[31,42,"PURPOSE"],[48,55,"TITLE"],[66,75,"MONEY"]]}],["b'Rs.188.0 on Zomato charged via Simpl. Food, groceries, commute, or medicines. Buy Now, Pay Later via Simpl. Know More: https://click.getsimpl.com/vyhm/5b611f85 Simpl Pay'",{"entities":[[0,10,"MONEY"],[14,20,"TITLE"],[21,28,"PURPOSE"]]}],["b'Your verification OTP on Zomato is 869692. ZOMATO'",{"entities":[[20,23,"PURPOSE"],[37,44,"OTP"],[45,51,"TITLE"]]}],["b'Use 802667 for two factor authentication on Facebook.'",{"entities":[[6,12,"OTP"],[17,42,"PURPOSE"],[46,54,"TITLE"]]}],["b'Your Messenger verification code is G 694665'",{"entities":[[7,16,"TITLE"],[17,34,"PURPOSE"],[40,46,"OTP"]]}],["b'282629 is the OTP to login to your Zomato account. DO NOT disclose it to anyone. AlOe4TVDpqm'",{"entities":[[0,8,"OTP"],[16,19,"PURPOSE"],[37,43,"TITLE"]]}],["b'Your Uber code is 1599. Never share this code. qlRnn4A1sbt'",{"entities":[[7,11,"TITLE"],[20,25,"OTP"]]}],["b'\\xe0\\xa4\\x95\\xe0\\xa5\\x8b\\xe0\\xa4\\xa1: 9223 (\\xe0\\xa4\\x87\\xe0\\xa4\\xb8 \\xe0\\xa4\\x95\\xe0\\xa5\\x8b\\xe0\\xa4\\xa1 \\xe0\\xa4\\x95\\xe0\\xa5\\x8b \\xe0\\xa4\\x95\\xe0\\xa4\\xbf\\xe0\\xa4\\xb8\\xe0\\xa5\\x80 \\xe0\\xa4\\x95\\xe0\\xa5\\x87 \\xe0\\xa4\\xb8\\xe0\\xa4\\xbe\\xe0\\xa4\\xa5 \\xe0\\xa4\\xb8\\xe0\\xa4\\xbe\\xe0\\xa4\\x9d\\xe0\\xa4\\xbe \\xe0\\xa4\\xa8 \\xe0\\xa4\\x95\\xe0\\xa4\\xb0\\xe0\\xa5\\x87\\xe0\\xa4\\x82)'",{"entities":[[40,44,"OTP"]]}],["b'Use [64547008] as One Time Password to login to your Swiggy Account pgLJ0BdTNB3'",{"entities":[[7,15,"OTP"],[55,61,"TITLE"]]}],["b'Use OTP 459679 to log into your Swiggy account. Do not share the OTP or your number with anyone including Swiggy personnel!'",{"entities":[[10,16,"OTP"],[34,40,"TITLE"]]}],["b'Use OTP 459679 to log into your Swiggy account. Do not share the OTP or your number with anyone including Swiggy personnel!'",{"entities":[[10,16,"OTP"],[34,40,"TITLE"]]}],["b'Dear Customer, registration for Google Pay has started for ICICI Bank. If it was not you, report to your bank. Do not share card details/OTP/CVV with anyone.'",{"entities":[[17,44,"PURPOSE"],[61,72,"TITLE"]]}],["b'Your Google verification code is 837550 Message ID: f6f01vO3FNp'",{"entities":[[7,13,"TITLE"],[35,41,"OTP"]]}],["b'You have initiated the registration for UPI payments on PhonePe. If this is not you, please report it to your bank immediately to avoid any loss of money.'",{"entities":[[25,54,"PURPOSE"],[58,66,"TITLE"]]}],["b'You have initiated the registration for UPI payments on PhonePe. If this is not you, please report it to your bank immediately to avoid any loss of money.'",{"entities":[[25,54,"PURPOSE"],[58,66,"TITLE"]]}],["b'Dear mohd shahnwaz. You have successfully registered your PhonePe account on this device.'",{"entities":[[31,54,"PURPOSE"],[60,67,"TITLE"]]}],["b'84897 is your one time password to proceed on PhonePe. It is valid for 10 minutes. Do not share your OTP with anyone. XC1xEZ+TDtj'",{"entities":[[0,7,"OTP"],[48,56,"TITLE"]]}],["b'<#> 22419 is your one time password to proceed on PhonePe. It is valid for 10 minutes. Do not share your OTP with anyone. mye1HyUG8DA'",{"entities":[[6,11,"OTP"],[52,60,"TITLE"],[107,110,"PURPOSE"]]}],["b'Paytm login detected from a new device at 03:14 PM, 06 May. Not you? To logout from all devices, click: https://ap.p y.tm/ys3MtK or report fraud @1800120130'",{"entities":[[0,7,"TITLE"],[8,22,"PURPOSE"],[44,61,"TIME"]]}],["b'Paytm For Business login requested from a new device at 03:13 PM, 06 May. Not you? Safeguard your paytm account, click: https://paytm.me/rl o86b'",{"entities":[[0,20,"TITLE"],[21,36,"PURPOSE"],[58,75,"TIME"]]}],["b'<#>Paytm never calls for OTP. Do not share it with anyone. Paytm For Business Login OTP: 758569. Not You? Report https://ap.p y.tm/LNbiqU ID: cIWSokveyWr'",{"entities":[[5,10,"TITLE"],[27,31,"PURPOSE"],[91,98,"OTP"]]}],["b'<#>7252 is your Mitra verification code. Please do not share this with anyone. jOvA6R6o+OI'",{"entities":[[5,9,"OTP"],[18,23,"TITLE"],[24,42,"PURPOSE"]]}],["b'<#> 4835 is your Disney+ Hotstar verification code. Enjoy watching! /wAX/OsgZgE'",{"entities":[[6,10,"OTP"],[19,34,"TITLE"],[35,53,"PURPOSE"]]}],["b'Biometric authentication is enabled for Kotak Bank Mobile Banking App on CPH2139 for CRN xx8418. To report fraud, click kotak.com/fraud'",{"entities":[[0,37,"PURPOSE"],[42,52,"TITLE"]]}],["b'Alert! After successful mobile no. verification, Kotak Bank App has been activated for CRN xx8418 on CPH2139. If not you, REPORT FRAUD on kotak.com/fraud'",{"entities":[[15,49,"PURPOSE"],[51,61,"TITLE"],[75,84,"PURPOSE"]]}],["b'<#> 7456 is your verification code for Dainik Bhaskar. 7Dr1ygzoY/w Bhaskar Group'",{"entities":[[6,10,"TITLE"],[19,31,"PURPOSE"],[41,56,"TITLE"]]}],["b'# Onetime password is : 995930 This OTP is valid for 15 minutes only & usable only once on Groww. T & C apply. hkHMMiIZPc7'",{"entities":[[26,32,"OTP"],[93,99,"TITLE"]]}],["b'<#> 1626 is the OTP for your Airtel Thanks app login. Valid for 15 mins. Please do not share this with anyone N9BWuqauU1y'",{"entities":[[6,10,"OTP"],[18,21,"PURPOSE"],[31,37,"TITLE"]]}],["b\"[OPPO]813353 is your verification code. It expires in 5 minutes. Don't share it with anyone.\"",{"entities":[[3,7,"TITLE"],[8,14,"OTP"],[23,41,"PURPOSE"]]}],["b\"Your WhatsApp code: 957 128 You can also tap on this link to verify your phone: v.whatsapp.com/957128 Don't share this code with others\"",{"entities":[[7,15,"TITLE"],[22,29,"OTP"],[63,80,"PURPOSE"]]}],["b'G 505823 is your Google verification code.'",{"entities":[[4,10,"OTP"],[19,25,"TITLE"]]}],["b'<#>4277 is your Mitra verification code. Please do not share this with anyone. jOvA6R6o+OI'",{"entities":[[5,9,"OTP"],[18,23,"TITLE"],[24,42,"PURPOSE"]]}],["b'<#>5313 is your Mitra verification code. Please do not share this with anyone. jOvA6R6o+OI'",{"entities":[[5,9,"OTP"],[18,23,"TITLE"],[24,42,"PURPOSE"]]}],["b'<#>2918 is your Mitra verification code. Please do not share this with anyone. jOvA6R6o+OI'",{"entities":[[5,9,"OTP"],[18,23,"TITLE"],[24,42,"PURPOSE"]]}],["b'<#>1813 is your Mitra verification code. Please do not share this with anyone. jOvA6R6o+OI'",{"entities":[[5,9,"OTP"],[18,23,"TITLE"],[24,42,"PURPOSE"]]}],["b'Dear 62803681XX, PUN vs GUJ, T20 Match is live on My11circle. Prize Pool 4,36,00,000 (4.36Crores) Entry Fee 49 Click http://1kx.in/OI8z3rWi9dM'",{"entities":[[31,48,"PURPOSE"],[52,63,"TITLE"]]}],["b'Dear Customer, your 200,000 Rs loan has been disbursed. Click on the link to confirm withdrawal https://bit.ly/37VyaCe (ANKIAR)'",{"entities":[[22,29,"MONEY"],[33,37,"PURPOSE"],[47,57,"TRANSAC"],[122,128,"TITLE"]]}],["b'Celebrate Eid with us! Get 40% Off upto Rs 140/ on orders above Rs 249 from Behrouz Biryani ; only on Vi APP ! To avail this exlcusive offer on Vi APP Click now https://bit.ly/ViReward'",{"entities":[[29,36,"PURPOSE"],[42,49,"MONEY"],[66,72,"MONEY"],[104,106,"TITLE"],[146,148,"TITLE"]]}],["b'Your VPA sanju39chd@okaxis linked to Indian Bank a/c no. XXXXXX4658 is debited for Rs.299.00 and credited to euronetgpay.pay@icici (UPI Ref no 212355781017). Indian Bank'",{"entities":[[39,50,"TITLE"],[73,80,"TRANSAC"],[85,94,"MONEY"]]}],["b'Stay fit, save big. Price drop on our top smartwatches! Starting @Rs.1,999/ Grab now: bit.ly/3LwIZZQ Team boAt'",{"entities":[[22,32,"PURPOSE"],[108,112,"TITLE"]]}],["b'Dear Saroj, You are eligible and may avail precaution dose at private vaccination center only after 21 04 2022. Please visit cowin.gov.in CoWIN'",{"entities":[[45,60,"PURPOSE"],[102,113,"TIME"],[140,145,"TITLE"]]}],["b'Hi Receive Rs.1500*/ Bonus GUJARAT v/s PUNJAB T20 MATCH Today! Download MY11CIRCLE App Win Real Cash Click here: crckt11.in/J432 17656D046'",{"entities":[[13,22,"MONEY"],[74,84,"TITLE"]]}],["b'90% daily data quota used as on 03 May 22 00:44. Jio Number : 6280368198 For tips on how to manage data quota effectively, click https://youtu.be/ZFUDydctV78 If you do not have any other data plan, your internet speed will be reduced on consumption of 1.50 GB. To continue enjoying high speed internet, click https://www.jio.com/dl/data_voucher and recharge. Dial 1991, to know your current balance, validity, plan details and for exciting recharge plans.'",{"entities":[[0,16,"PURPOSE"],[34,50,"TIME"],[51,54,"TITLE"]]}],["b'03 May 22 00:44 \\xe0\\xa4\\xac\\xe0\\xa4\\x9c\\xe0\\xa5\\x87 \\xe0\\xa4\\xa4\\xe0\\xa4\\x95 90% \\xe0\\xa4\\xa6\\xe0\\xa5\\x88\\xe0\\xa4\\xa8\\xe0\\xa4\\xbf\\xe0\\xa4\\x95 \\xe0\\xa4\\xa1\\xe0\\xa5\\x87\\xe0\\xa4\\x9f\\xe0\\xa4\\xbe \\xe0\\xa4\\x95\\xe0\\xa5\\x8b\\xe0\\xa4\\x9f\\xe0\\xa4\\xbe \\xe0\\xa4\\x96\\xe0\\xa4\\xb0\\xe0\\xa5\\x8d\\xe0\\xa4\\x9a \\xe0\\xa4\\xb9\\xe0\\xa5\\x8b \\xe0\\xa4\\x9a\\xe0\\xa5\\x81\\xe0\\xa4\\x95\\xe0\\xa4\\xbe \\xe0\\xa4\\xb9\\xe0\\xa5\\x88 \\xe0\\xa5\\xa4 \\xe0\\xa4\\x9c\\xe0\\xa4\\xbf\\xe0\\xa4\\xaf\\xe0\\xa5\\x8b \\xe0\\xa4\\xa8\\xe0\\xa4\\x82\\xe0\\xa4\\xac\\xe0\\xa4\\xb0 : 6280368198 \\xe0\\xa4\\xaa\\xe0\\xa5\\x8d\\xe0\\xa4\\xb2\\xe0\\xa4\\xbe\\xe0\\xa4\\xa8 \\xe0\\xa4\\x95\\xe0\\xa5\\x87 \\xe0\\xa4\\x85\\xe0\\xa4\\xa8\\xe0\\xa5\\x81\\xe0\\xa4\\xb8\\xe0\\xa4\\xbe\\xe0\\xa4\\xb0 \\xe0\\xa4\\x95\\xe0\\xa5\\x81\\xe0\\xa4\\xb2 \\xe0\\xa4\\xa6\\xe0\\xa5\\x88\\xe0\\xa4\\xa8\\xe0\\xa4\\xbf\\xe0\\xa4\\x95 \\xe0\\xa4\\xa1\\xe0\\xa5\\x87\\xe0\\xa4\\x9f\\xe0\\xa4\\xbe : 1.50 GB \\xe0\\xa4\\x85\\xe0\\xa4\\xaa\\xe0\\xa4\\xa8\\xe0\\xa5\\x87 \\xe0\\xa4\\xa1\\xe0\\xa5\\x87\\xe0\\xa4\\x9f\\xe0\\xa4\\xbe \\xe0\\xa4\\x95\\xe0\\xa5\\x8b\\xe0\\xa4\\x9f\\xe0\\xa4\\xbe \\xe0\\xa4\\x95\\xe0\\xa5\\x8b \\xe0\\xa4\\x94\\xe0\\xa4\\xb0 \\xe0\\xa4\\xad\\xe0\\xa5\\x80 \\xe0\\xa4\\xac\\xe0\\xa5\\x87\\xe0\\xa4\\xb9\\xe0\\xa4\\xa4\\xe0\\xa4\\xb0 \\xe0\\xa4\\xa4\\xe0\\xa4\\xb0\\xe0\\xa5\\x80\\xe0\\xa5\\x98\\xe0\\xa5\\x87 \\xe0\\xa4\\xb8\\xe0\\xa5\\x87 \\xe0\\xa4\\xae\\xe0\\xa5\\x88\\xe0\\xa4\\xa8\\xe0\\xa5\\x87\\xe0\\xa4\\x9c \\xe0\\xa4\\x95\\xe0\\xa4\\xb0\\xe0\\xa4\\xa8\\xe0\\xa5\\x87 \\xe0\\xa4\\x95\\xe0\\xa5\\x87 \\xe0\\xa4\\xb2\\xe0\\xa4\\xbf\\xe0\\xa4\\x8f \\xe0\\xa4\\x95\\xe0\\xa5\\x8d\\xe0\\xa4\\xb2\\xe0\\xa4\\xbf\\xe0\\xa4\\x95 \\xe0\\xa4\\x95\\xe0\\xa4\\xb0\\xe0\\xa5\\x87\\xe0\\xa4\\x82 https://youtu.be/hnMRgnS6rJE \\xe0\\xa4\\xaf\\xe0\\xa4\\xa6\\xe0\\xa4\\xbf \\xe0\\xa4\\x86\\xe0\\xa4\\xaa\\xe0\\xa4\\x95\\xe0\\xa5\\x87 \\xe0\\xa4\\xaa\\xe0\\xa4\\xbe\\xe0\\xa4\\xb8 \\xe0\\xa4\\x95\\xe0\\xa5\\x8b\\xe0\\xa4\\x88 \\xe0\\xa4\\x85\\xe0\\xa4\\xa8\\xe0\\xa5\\x8d\\xe0\\xa4\\xaf \\xe0\\xa4\\xa1\\xe0\\xa5\\x87\\xe0\\xa4\\x9f\\xe0\\xa4\\xbe \\xe0\\xa4\\xaa\\xe0\\xa5\\x8d\\xe0\\xa4\\xb2\\xe0\\xa4\\xbe\\xe0\\xa4\\xa8 \\xe0\\xa4\\xa8\\xe0\\xa4\\xb9\\xe0\\xa5\\x80\\xe0\\xa4\\x82 \\xe0\\xa4\\xb9\\xe0\\xa5\\x88 \\xe0\\xa4\\xa4\\xe0\\xa5\\x8b \\xe0\\xa4\\x86\\xe0\\xa4\\xaa\\xe0\\xa4\\x95\\xe0\\xa5\\x80 \\xe0\\xa4\\x87\\xe0\\xa4\\x82\\xe0\\xa4\\x9f\\xe0\\xa4\\xb0\\xe0\\xa4\\xa8\\xe0\\xa5\\x87\\xe0\\xa4\\x9f \\xe0\\xa4\\xb8\\xe0\\xa5\\x8d\\xe0\\xa4\\xaa\\xe0\\xa5\\x80\\xe0\\xa4\\xa1 1.50 GB \\xe0\\xa4\\x95\\xe0\\xa5\\x87 \\xe0\\xa4\\x96\\xe0\\xa4\\xb0\\xe0\\xa5\\x8d\\xe0\\xa4\\x9a \\xe0\\xa4\\xb9\\xe0\\xa5\\x8b\\xe0\\xa4\\xa4\\xe0\\xa5\\x87 \\xe0\\xa4\\xb9\\xe0\\xa5\\x80 \\xe0\\xa4\\x98\\xe0\\xa4\\x9f\\xe0\\xa4\\xbe \\xe0\\xa4\\xa6\\xe0\\xa5\\x80 \\xe0\\xa4\\x9c\\xe0\\xa4\\xbe\\xe0\\xa4\\x8f\\xe0\\xa4\\x97\\xe0\\xa5\\x80 \\xe0\\xa5\\xa4 \\xe0\\xa4\\xb9\\xe0\\xa4\\xbe\\xe0\\xa4\\x88 \\xe0\\xa4\\xb8\\xe0\\xa5\\x8d\\xe0\\xa4\\xaa\\xe0\\xa5\\x80\\xe0\\xa4\\xa1 \\xe0\\xa4\\x87\\xe0\\xa4\\x82\\xe0\\xa4\\x9f\\xe0\\xa4\\xb0\\xe0\\xa4\\xa8\\xe0\\xa5\\x87\\xe0\\xa4\\x9f \\xe0\\xa4\\x95\\xe0\\xa4\\xbe \\xe0\\xa4\\x86\\xe0\\xa4\\xa8\\xe0\\xa4\\x82\\xe0\\xa4\\xa6 \\xe0\\xa4\\xb2\\xe0\\xa5\\x87\\xe0\\xa4\\xa8\\xe0\\xa4\\xbe \\xe0\\xa4\\x9c\\xe0\\xa4\\xbe\\xe0\\xa4\\xb0\\xe0\\xa5\\x80 \\xe0\\xa4\\xb0\\xe0\\xa4\\x96\\xe0\\xa4\\xa8\\xe0\\xa5\\x87 \\xe0\\xa4\\x95\\xe0\\xa5\\x87 \\xe0\\xa4\\xb2\\xe0\\xa4\\xbf\\xe0\\xa4\\x8f https://www.jio.com/dl/data_voucher \\xe0\\xa4\\xaa\\xe0\\xa4\\xb0 \\xe0\\xa4\\x95\\xe0\\xa5\\x8d\\xe0\\xa4\\xb2\\xe0\\xa4\\xbf\\xe0\\xa4\\x95 \\xe0\\xa4\\x95\\xe0\\xa4\\xb0\\xe0\\xa4\\x95\\xe0\\xa5\\x87 \\xe0\\xa4\\xb0\\xe0\\xa4\\xbf\\xe0\\xa4\\x9a\\xe0\\xa4\\xbe\\xe0\\xa4\\xb0\\xe0\\xa5\\x8d\\xe0\\xa4\\x9c \\xe0\\xa4\\x95\\xe0\\xa4\\xb0\\xe0\\xa5\\x87\\xe0\\xa4\\x82 \\xe0\\xa5\\xa4 \\xe0\\xa4\\xb5\\xe0\\xa4\\xb0\\xe0\\xa5\\x8d\\xe0\\xa4\\xa4\\xe0\\xa4\\xae\\xe0\\xa4\\xbe\\xe0\\xa4\\xa8 \\xe0\\xa4\\xac\\xe0\\xa5\\x88\\xe0\\xa4\\xb2\\xe0\\xa5\\x87\\xe0\\xa4\\x82\\xe0\\xa4\\xb8, \\xe0\\xa4\\xb5\\xe0\\xa5\\x88\\xe0\\xa4\\xa7\\xe0\\xa4\\xa4\\xe0\\xa4\\xbe, \\xe0\\xa4\\xaa\\xe0\\xa5\\x8d\\xe0\\xa4\\xb2\\xe0\\xa4\\xbe\\xe0\\xa4\\xa8 \\xe0\\xa4\\xb5\\xe0\\xa4\\xbf\\xe0\\xa4\\xb5\\xe0\\xa4\\xb0\\xe0\\xa4\\xa3 \\xe0\\xa4\\x94\\xe0\\xa4\\xb0 \\xe0\\xa4\\x86\\xe0\\xa4\\x95\\xe0\\xa4\\xb0\\xe0\\xa5\\x8d\\xe0\\xa4\\xb7\\xe0\\xa4\\x95 \\xe0\\xa4\\xb0\\xe0\\xa5\\x80\\xe0\\xa4\\x9a\\xe0\\xa4\\xbe\\xe0\\xa4\\xb0\\xe0\\xa5\\x8d\\xe0\\xa4\\x9c \\xe0\\xa4\\xaa\\xe0\\xa5\\x8d\\xe0\\xa4\\xb2\\xe0\\xa4\\xbe\\xe0\\xa4\\xa8 \\xe0\\xa4\\x95\\xe0\\xa5\\x87 \\xe0\\xa4\\xac\\xe0\\xa4\\xbe\\xe0\\xa4\\xb0\\xe0\\xa5\\x87 \\xe0\\xa4\\xae\\xe0\\xa5\\x87\\xe0\\xa4\\x82 \\xe0\\xa4\\x9c\\xe0\\xa4\\xbe\\xe0\\xa4\\xa8\\xe0\\xa4\\xa8\\xe0\\xa5\\x87 \\xe0\\xa4\\x95\\xe0\\xa5\\x87 \\xe0\\xa4\\xb2\\xe0\\xa4\\xbf\\xe0\\xa4\\x8f 1991 \\xe0\\xa4\\xa1\\xe0\\xa4\\xbe\\xe0\\xa4\\xaf\\xe0\\xa4\\xb2 \\xe0\\xa4\\x95\\xe0\\xa4\\xb0\\xe0\\xa5\\x87\\xe0\\xa4\\x82 \\xe0\\xa5\\xa4'",{"entities":[[0,17,"TIME"]]}],["b'Your VPA sanju39chd@okaxis linked to Indian Bank a/c no. XXXXXX4658 is debited for Rs.100.00 and credited to paytmqr281005050101igsemgaff7py@paytm (UPI Ref no 212248850682). Indian Bank'",{"entities":[[39,50,"TITLE"],[73,80,"TRANSAC"],[85,94,"MONEY"]]}],["b'Your VPA 6280368198@paytm linked to Indian Bank a/c no. XXXXXX4658 is debited for Rs.20.00 and credited to Q80761355@ybl (UPI Ref no 212285142987). Indian Bank'",{"entities":[[38,49,"TITLE"],[72,79,"TRANSAC"],[84,92,"MONEY"]]}],["b'50% Daily Data quota used as on 02 May 22 20:15. Jio Number : 6280368198 Daily Data quota as per plan : 1.50 GB To know more on how to manage your account through MyJio app, click https://youtu.be/tchuJvIv_9I Dial 1991, to know your current balance, validity, plan details and for exciting recharge plans.'",{"entities":[[0,22,"PURPOSE"],[34,50,"TIME"],[51,54,"TITLE"]]}],["b'<#> Shadowfax Id is 153915699 6gW4yAjEoWG'",{"entities":[[6,15,"TITLE"],[22,31,"OTP"]]}],["b'02 May 22 20:15 \\xe0\\xa4\\xac\\xe0\\xa4\\x9c\\xe0\\xa5\\x87 \\xe0\\xa4\\xa4\\xe0\\xa4\\x95 50% \\xe0\\xa4\\xa6\\xe0\\xa5\\x88\\xe0\\xa4\\xa8\\xe0\\xa4\\xbf\\xe0\\xa4\\x95 \\xe0\\xa4\\xa1\\xe0\\xa5\\x87\\xe0\\xa4\\x9f\\xe0\\xa4\\xbe \\xe0\\xa4\\x95\\xe0\\xa5\\x8b\\xe0\\xa4\\x9f\\xe0\\xa4\\xbe \\xe0\\xa4\\x96\\xe0\\xa4\\xb0\\xe0\\xa5\\x8d\\xe0\\xa4\\x9a \\xe0\\xa4\\xb9\\xe0\\xa5\\x8b \\xe0\\xa4\\x9a\\xe0\\xa5\\x81\\xe0\\xa4\\x95\\xe0\\xa4\\xbe \\xe0\\xa4\\xb9\\xe0\\xa5\\x88 \\xe0\\xa5\\xa4 \\xe0\\xa4\\x9c\\xe0\\xa4\\xbf\\xe0\\xa4\\xaf\\xe0\\xa5\\x8b \\xe0\\xa4\\xa8\\xe0\\xa4\\x82\\xe0\\xa4\\xac\\xe0\\xa4\\xb0 : 6280368198 \\xe0\\xa4\\xaa\\xe0\\xa5\\x8d\\xe0\\xa4\\xb2\\xe0\\xa4\\xbe\\xe0\\xa4\\xa8 \\xe0\\xa4\\x95\\xe0\\xa5\\x87 \\xe0\\xa4\\x85\\xe0\\xa4\\xa8\\xe0\\xa5\\x81\\xe0\\xa4\\xb8\\xe0\\xa4\\xbe\\xe0\\xa4\\xb0 \\xe0\\xa4\\x95\\xe0\\xa5\\x81\\xe0\\xa4\\xb2 \\xe0\\xa4\\xa6\\xe0\\xa5\\x88\\xe0\\xa4\\xa8\\xe0\\xa4\\xbf\\xe0\\xa4\\x95 \\xe0\\xa4\\xa1\\xe0\\xa5\\x87\\xe0\\xa4\\x9f\\xe0\\xa4\\xbe : 1.50 GB \\xe0\\xa4\\x85\\xe0\\xa4\\xaa\\xe0\\xa4\\xa8\\xe0\\xa5\\x87 \\xe0\\xa4\\x9c\\xe0\\xa4\\xbf\\xe0\\xa4\\xaf\\xe0\\xa5\\x8b \\xe0\\xa4\\x85\\xe0\\xa4\\x95\\xe0\\xa4\\xbe\\xe0\\xa4\\x89\\xe0\\xa4\\x82\\xe0\\xa4\\x9f \\xe0\\xa4\\x95\\xe0\\xa5\\x8b \\xe0\\xa4\\x95\\xe0\\xa5\\x88\\xe0\\xa4\\xb8\\xe0\\xa5\\x87 \\xe0\\xa4\\xae\\xe0\\xa5\\x88\\xe0\\xa4\\xa8\\xe0\\xa5\\x87\\xe0\\xa4\\x9c \\xe0\\xa4\\x95\\xe0\\xa4\\xb0\\xe0\\xa5\\x87\\xe0\\xa4\\x82 \\xe0\\xa4\\x95\\xe0\\xa5\\x87 \\xe0\\xa4\\xac\\xe0\\xa4\\xbe\\xe0\\xa4\\xb0\\xe0\\xa5\\x87 \\xe0\\xa4\\xae\\xe0\\xa5\\x87\\xe0\\xa4\\x82 \\xe0\\xa4\\x85\\xe0\\xa4\\xa7\\xe0\\xa4\\xbf\\xe0\\xa4\\x95 \\xe0\\xa4\\x9c\\xe0\\xa4\\xbe\\xe0\\xa4\\xa8\\xe0\\xa4\\xa8\\xe0\\xa5\\x87 \\xe0\\xa4\\x95\\xe0\\xa5\\x87 \\xe0\\xa4\\xb2\\xe0\\xa4\\xbf\\xe0\\xa4\\x8f \\xe0\\xa4\\x95\\xe0\\xa5\\x8d\\xe0\\xa4\\xb2\\xe0\\xa4\\xbf\\xe0\\xa4\\x95 \\xe0\\xa4\\x95\\xe0\\xa4\\xb0\\xe0\\xa5\\x87\\xe0\\xa4\\x82 https://youtu.be/vrNnGqFhqZM \\xe0\\xa4\\xb5\\xe0\\xa4\\xb0\\xe0\\xa5\\x8d\\xe0\\xa4\\xa4\\xe0\\xa4\\xae\\xe0\\xa4\\xbe\\xe0\\xa4\\xa8 \\xe0\\xa4\\xac\\xe0\\xa5\\x88\\xe0\\xa4\\xb2\\xe0\\xa5\\x87\\xe0\\xa4\\x82\\xe0\\xa4\\xb8, \\xe0\\xa4\\xb5\\xe0\\xa5\\x88\\xe0\\xa4\\xa7\\xe0\\xa4\\xa4\\xe0\\xa4\\xbe, \\xe0\\xa4\\xaa\\xe0\\xa5\\x8d\\xe0\\xa4\\xb2\\xe0\\xa4\\xbe\\xe0\\xa4\\xa8 \\xe0\\xa4\\xb5\\xe0\\xa4\\xbf\\xe0\\xa4\\xb5\\xe0\\xa4\\xb0\\xe0\\xa4\\xa3 \\xe0\\xa4\\x94\\xe0\\xa4\\xb0 \\xe0\\xa4\\x86\\xe0\\xa4\\x95\\xe0\\xa4\\xb0\\xe0\\xa5\\x8d\\xe0\\xa4\\xb7\\xe0\\xa4\\x95 \\xe0\\xa4\\xb0\\xe0\\xa5\\x80\\xe0\\xa4\\x9a\\xe0\\xa4\\xbe\\xe0\\xa4\\xb0\\xe0\\xa5\\x8d\\xe0\\xa4\\x9c \\xe0\\xa4\\xaa\\xe0\\xa5\\x8d\\xe0\\xa4\\xb2\\xe0\\xa4\\xbe\\xe0\\xa4\\xa8 \\xe0\\xa4\\x95\\xe0\\xa5\\x87 \\xe0\\xa4\\xac\\xe0\\xa4\\xbe\\xe0\\xa4\\xb0\\xe0\\xa5\\x87 \\xe0\\xa4\\xae\\xe0\\xa5\\x87\\xe0\\xa4\\x82 \\xe0\\xa4\\x9c\\xe0\\xa4\\xbe\\xe0\\xa4\\xa8\\xe0\\xa4\\xa8\\xe0\\xa5\\x87 \\xe0\\xa4\\x95\\xe0\\xa5\\x87 \\xe0\\xa4\\xb2\\xe0\\xa4\\xbf\\xe0\\xa4\\x8f 1991 \\xe0\\xa4\\xa1\\xe0\\xa4\\xbe\\xe0\\xa4\\xaf\\xe0\\xa4\\xb2 \\xe0\\xa4\\x95\\xe0\\xa4\\xb0\\xe0\\xa5\\x87\\xe0\\xa4\\x82 \\xe0\\xa5\\xa4'",{"entities":[[0,17,"TIME"]]}],["b'<#>9627 is your Mitra verification code. Please do not share this with anyone. jOvA6R6o+OI'",{"entities":[[5,9,"OTP"],[18,23,"TITLE"],[24,42,"PURPOSE"]]}],["b'<#>3419 is your Mitra verification code. Please do not share this with anyone. jOvA6R6o+OI'",{"entities":[[5,9,"OTP"],[18,23,"TITLE"],[24,42,"PURPOSE"]]}],["b'<#> Shadowfax Id is 153900024 6gW4yAjEoWG'",{"entities":[[6,15,"TITLE"],[22,31,"OTP"]]}],["b'NEXTBILLION TECHNOLOGY PRIVATE on 02 apr 2022 reported your Fund bal Rs.0.67 & Securities bal 0. This excludes your Bank, DP & PMS bal with the broker NSE'",{"entities":[[0,32,"TITLE"],[36,47,"TIME"],[62,70,"PURPOSE"],[71,78,"MONEY"]]}],["b\"Dear members, your gift for this month's event has been distributed, and you can get up to 80000rs, please click to receive https://3pattiparty.com/ XPROSPER\"",{"entities":[[93,100,"MONEY"],[151,160,"TITLE"]]}],["b'Payday offer valid till 5th May on Gamezy. Upto 50% bonus & 4% Instant Cash on add cash of Rs.2500 or more. Check the app for more details. gamezy://app/game/#/payment'",{"entities":[[0,14,"PURPOSE"],[26,33,"TIME"],[37,44,"TITLE"],[93,100,"MONEY"]]}],["b'Your VPA 6280368198@ybl linked to Indian Bank a/c no. XXXXXX4658 is debited for Rs.3500.00 and credited to 7082282508@ybl (UPI Ref no 212287937861). Indian Bank'",{"entities":[[36,47,"TITLE"],[70,77,"TRANSAC"],[82,92,"MONEY"]]}],["b'Hey sanju, FREE entry worth Rs.25 to join KOL vs RR expires soon! Join NOW & win big: dream11.com/leagues Dream11'",{"entities":[[13,23,"PURPOSE"],[30,35,"MONEY"],[108,115,"TITLE"]]}],["b'Dear 62803681XX, KOL vs RAJ, T20 Match is live on My11circle. Prize Pool 4,25,00,000 (4.25Crores) Entry Fee 49 Click http://1kx.in/OI8z3rWi9dM'",{"entities":[[31,48,"PURPOSE"],[52,63,"TITLE"],[75,86,"MONEY"],[88,98,"MONEY"]]}],["b'Your VPA sanju39chd@okaxis linked to Indian Bank a/c no. XXXXXX4658 is debited for Rs.40.00 and credited to paytmqr281005050101xo2pulse786j@paytm (UPI Ref no 212237512625). Indian Bank'",{"entities":[[39,50,"TITLE"],[73,80,"TRANSAC"],[85,93,"MONEY"]]}],["b'Your VPA sanju39chd@okaxis linked to Indian Bank a/c no. XXXXXX4658 is debited for Rs.140.00 and credited to paytmqr2810050501011qqwqzri7jbc@paytm (UPI Ref no 212237450539). Indian Bank'",{"entities":[[39,50,"TITLE"],[73,80,"TRANSAC"],[85,94,"MONEY"]]}],["b'You are empowered, surprise someone by paying their bill or help someone by recharging for them . All this and more by downloading Vi App . '",{"entities":[[62,88,"PURPOSE"],[133,135,"TITLE"]]}],["b'Service of your Maruti Suzuki car is overdue. Please get service as per Schedule to keep enjoying benefits of Warranty. For Appt. call CM Autos 9915003004'",{"entities":[[0,9,"PURPOSE"],[18,31,"TITLE"],[39,47,"PURPOSE"]]}],["b'Hi there, SUNSATIONAL NEWS: Nykaa Summer Super Saver Days PRICES REVEALED! Add all these never seen before deals to Pink Box NOW to beat the queue bit.ly/3vZY9QT'",{"entities":[[30,35,"TITLE"],[43,59,"PURPOSE"]]}],["b'02 May 22 01:07 \\xe0\\xa4\\xac\\xe0\\xa4\\x9c\\xe0\\xa5\\x87 \\xe0\\xa4\\xa4\\xe0\\xa4\\x95 50% \\xe0\\xa4\\xa6\\xe0\\xa5\\x88\\xe0\\xa4\\xa8\\xe0\\xa4\\xbf\\xe0\\xa4\\x95 \\xe0\\xa4\\xa1\\xe0\\xa5\\x87\\xe0\\xa4\\x9f\\xe0\\xa4\\xbe \\xe0\\xa4\\x95\\xe0\\xa5\\x8b\\xe0\\xa4\\x9f\\xe0\\xa4\\xbe \\xe0\\xa4\\x96\\xe0\\xa4\\xb0\\xe0\\xa5\\x8d\\xe0\\xa4\\x9a \\xe0\\xa4\\xb9\\xe0\\xa5\\x8b \\xe0\\xa4\\x9a\\xe0\\xa5\\x81\\xe0\\xa4\\x95\\xe0\\xa4\\xbe \\xe0\\xa4\\xb9\\xe0\\xa5\\x88 \\xe0\\xa5\\xa4 \\xe0\\xa4\\x9c\\xe0\\xa4\\xbf\\xe0\\xa4\\xaf\\xe0\\xa5\\x8b \\xe0\\xa4\\xa8\\xe0\\xa4\\x82\\xe0\\xa4\\xac\\xe0\\xa4\\xb0 : 6280368198 \\xe0\\xa4\\xaa\\xe0\\xa5\\x8d\\xe0\\xa4\\xb2\\xe0\\xa4\\xbe\\xe0\\xa4\\xa8 \\xe0\\xa4\\x95\\xe0\\xa5\\x87 \\xe0\\xa4\\x85\\xe0\\xa4\\xa8\\xe0\\xa5\\x81\\xe0\\xa4\\xb8\\xe0\\xa4\\xbe\\xe0\\xa4\\xb0 \\xe0\\xa4\\x95\\xe0\\xa5\\x81\\xe0\\xa4\\xb2 \\xe0\\xa4\\xa6\\xe0\\xa5\\x88\\xe0\\xa4\\xa8\\xe0\\xa4\\xbf\\xe0\\xa4\\x95 \\xe0\\xa4\\xa1\\xe0\\xa5\\x87\\xe0\\xa4\\x9f\\xe0\\xa4\\xbe : 1.50 GB \\xe0\\xa4\\x85\\xe0\\xa4\\xaa\\xe0\\xa4\\xa8\\xe0\\xa5\\x87 \\xe0\\xa4\\x9c\\xe0\\xa4\\xbf\\xe0\\xa4\\xaf\\xe0\\xa5\\x8b \\xe0\\xa4\\x85\\xe0\\xa4\\x95\\xe0\\xa4\\xbe\\xe0\\xa4\\x89\\xe0\\xa4\\x82\\xe0\\xa4\\x9f \\xe0\\xa4\\x95\\xe0\\xa5\\x8b \\xe0\\xa4\\x95\\xe0\\xa5\\x88\\xe0\\xa4\\xb8\\xe0\\xa5\\x87 \\xe0\\xa4\\xae\\xe0\\xa5\\x88\\xe0\\xa4\\xa8\\xe0\\xa5\\x87\\xe0\\xa4\\x9c \\xe0\\xa4\\x95\\xe0\\xa4\\xb0\\xe0\\xa5\\x87\\xe0\\xa4\\x82 \\xe0\\xa4\\x95\\xe0\\xa5\\x87 \\xe0\\xa4\\xac\\xe0\\xa4\\xbe\\xe0\\xa4\\xb0\\xe0\\xa5\\x87 \\xe0\\xa4\\xae\\xe0\\xa5\\x87\\xe0\\xa4\\x82 \\xe0\\xa4\\x85\\xe0\\xa4\\xa7\\xe0\\xa4\\xbf\\xe0\\xa4\\x95 \\xe0\\xa4\\x9c\\xe0\\xa4\\xbe\\xe0\\xa4\\xa8\\xe0\\xa4\\xa8\\xe0\\xa5\\x87 \\xe0\\xa4\\x95\\xe0\\xa5\\x87 \\xe0\\xa4\\xb2\\xe0\\xa4\\xbf\\xe0\\xa4\\x8f \\xe0\\xa4\\x95\\xe0\\xa5\\x8d\\xe0\\xa4\\xb2\\xe0\\xa4\\xbf\\xe0\\xa4\\x95 \\xe0\\xa4\\x95\\xe0\\xa4\\xb0\\xe0\\xa5\\x87\\xe0\\xa4\\x82 https://youtu.be/vrNnGqFhqZM \\xe0\\xa4\\xb5\\xe0\\xa4\\xb0\\xe0\\xa5\\x8d\\xe0\\xa4\\xa4\\xe0\\xa4\\xae\\xe0\\xa4\\xbe\\xe0\\xa4\\xa8 \\xe0\\xa4\\xac\\xe0\\xa5\\x88\\xe0\\xa4\\xb2\\xe0\\xa5\\x87\\xe0\\xa4\\x82\\xe0\\xa4\\xb8, \\xe0\\xa4\\xb5\\xe0\\xa5\\x88\\xe0\\xa4\\xa7\\xe0\\xa4\\xa4\\xe0\\xa4\\xbe, \\xe0\\xa4\\xaa\\xe0\\xa5\\x8d\\xe0\\xa4\\xb2\\xe0\\xa4\\xbe\\xe0\\xa4\\xa8 \\xe0\\xa4\\xb5\\xe0\\xa4\\xbf\\xe0\\xa4\\xb5\\xe0\\xa4\\xb0\\xe0\\xa4\\xa3 \\xe0\\xa4\\x94\\xe0\\xa4\\xb0 \\xe0\\xa4\\x86\\xe0\\xa4\\x95\\xe0\\xa4\\xb0\\xe0\\xa5\\x8d\\xe0\\xa4\\xb7\\xe0\\xa4\\x95 \\xe0\\xa4\\xb0\\xe0\\xa5\\x80\\xe0\\xa4\\x9a\\xe0\\xa4\\xbe\\xe0\\xa4\\xb0\\xe0\\xa5\\x8d\\xe0\\xa4\\x9c \\xe0\\xa4\\xaa\\xe0\\xa5\\x8d\\xe0\\xa4\\xb2\\xe0\\xa4\\xbe\\xe0\\xa4\\xa8 \\xe0\\xa4\\x95\\xe0\\xa5\\x87 \\xe0\\xa4\\xac\\xe0\\xa4\\xbe\\xe0\\xa4\\xb0\\xe0\\xa5\\x87 \\xe0\\xa4\\xae\\xe0\\xa5\\x87\\xe0\\xa4\\x82 \\xe0\\xa4\\x9c\\xe0\\xa4\\xbe\\xe0\\xa4\\xa8\\xe0\\xa4\\xa8\\xe0\\xa5\\x87 \\xe0\\xa4\\x95\\xe0\\xa5\\x87 \\xe0\\xa4\\xb2\\xe0\\xa4\\xbf\\xe0\\xa4\\x8f 1991 \\xe0\\xa4\\xa1\\xe0\\xa4\\xbe\\xe0\\xa4\\xaf\\xe0\\xa4\\xb2 \\xe0\\xa4\\x95\\xe0\\xa4\\xb0\\xe0\\xa5\\x87\\xe0\\xa4\\x82 \\xe0\\xa5\\xa4'",{"entities":[[0,17,"TIME"]]}],["b'50% Daily Data quota used as on 02 May 22 01:07. Jio Number : 6280368198 Daily Data quota as per plan : 1.50 GB To know more on how to manage your account through MyJio app, click https://youtu.be/tchuJvIv_9I Dial 1991, to know your current balance, validity, plan details and for exciting recharge plans.'",{"entities":[[0,22,"PURPOSE"],[34,50,"TIME"],[51,54,"TITLE"]]}],["b'<#> Shadowfax Id is 153762679 6gW4yAjEoWG'",{"entities":[[6,15,"TITLE"],[22,31,"OTP"]]}],["b'Signup on MPL today and get an instant reward upto Rs 50. SIGNUP CODE : MPLLUDOAPRIL1 bit.ly/3uZVlE6'",{"entities":[[12,15,"TITLE"],[53,59,"MONEY"],[60,71,"PURPOSE"]]}],["b'Payday offer valid till 5th May on Gamezy. Upto 50% bonus & 4% Instant Cash on add cash of Rs.2500 or more. Check the app for more details. gamezy://app/game/#/payment'",{"entities":[[0,14,"PURPOSE"],[26,33,"TIME"],[37,44,"TITLE"]]}],["b'5PAISA CAPITAL at EOD 09/04/2022 reported your Fund bal Rs 147.710 & Securities bal 0. This excludes your Bank, DP and PMS bal with the broker BSE'",{"entities":[[0,16,"TITLE"],[24,34,"TIME"],[58,68,"MONEY"]]}],["b'Congrats! You have received complimentary 6 month subscription to ad free music with unlimited downloads! Claim NOW https://bit.ly/3fKFhgV'",{"entities":[[44,64,"PURPOSE"]]}],["b'Dear, \\xe2\\x82\\xb910 Lakhs + MG Hector 1st Prize for HYD vs CHE T20 Match on My11Circle! 1. Register for FREE 2. Make A Fantasy Team 3. Get \\xe2\\x82\\xb91500 on first add cash* Link: \\xf0\\x9f\\x91\\x89 http://1Rp.in/QVdYO *TnC'",{"entities":[[55,75,"PURPOSE"],[79,89,"TITLE"]]}],["b'<#> Shadowfax Id is 153673779 6gW4yAjEoWG'",{"entities":[[6,15,"TITLE"],[22,31,"OTP"]]}],["b'You have initiated the registration for UPI payments on PhonePe. If this is not you, please report it to your bank immediately to avoid any loss of money.'",{"entities":[[11,37,"PURPOSE"],[58,66,"TITLE"]]}]]}